Category,Question,Answer,Source
Banking & Mobile Money,Can I borrow money using mobile money?,"Yes, some providers allow small loans through mobile wallets.",General
Banking & Mobile Money,Can I link a bank account to mobile money?,Many services let you link accounts to move money easily; check fees and security first. [Source: Bank & operator guides],General
Banking & Mobile Money,Can I save using mobile money?,"Yes, many providers offer savings wallets with interest.",General
Banking & Mobile Money,How do I change my mobile money PIN safely?,"Use the official USSD or app flow, and never share the new PIN with anyone. [Source: Mobile operator]",General
Banking & Mobile Money,How do I check my mobile money balance safely?,Check using the official app or USSD code and keep SMS alerts active to confirm transactions. [Source: World Bank],World Bank
Banking & Mobile Money,How do I check my mobile money balance safely? How can I do this cheaply?,Check using the official app or USSD code and keep SMS alerts active to confirm transactions. [Source: Mobile operator guidance],Mobile operator guidance
Banking & Mobile Money,How do I check my mobile money balance safely? Is this available in rural areas?,Check using the official app or USSD code and keep SMS alerts active to confirm transactions. [Source: IMF],IMF
Banking & Mobile Money,How do I check my mobile money balance safely? What should I watch out for?,Check using the official app or USSD code and keep SMS alerts active to confirm transactions. [Source: IFC],IFC
Banking & Mobile Money,How do I check my mobile money balance safely? Who can help me with this?,Check using the official app or USSD code and keep SMS alerts active to confirm transactions. [Source: Insurance regulator],Insurance regulator
Banking & Mobile Money,How do I link my bank account to mobile money?,Linking makes transfers easy; confirm the procedure with your bank and watch for small test debits. [Source: NGO financial education],NGO financial education
Banking & Mobile Money,How do I link my bank account to mobile money? How can I do this cheaply?,Linking makes transfers easy; confirm the procedure with your bank and watch for small test debits. [Source: Mobile operator guidance],Mobile operator guidance
Banking & Mobile Money,How do I link my bank account to mobile money? Is this available in rural areas?,Linking makes transfers easy; confirm the procedure with your bank and watch for small test debits. [Source: Reserve Bank of Malawi],Reserve Bank of Malawi
Banking & Mobile Money,How do I link my bank account to mobile money? What should I watch out for?,Linking makes transfers easy; confirm the procedure with your bank and watch for small test debits. [Source: Mobile operator guidance],Mobile operator guidance
Banking & Mobile Money,How do I link my bank account to mobile money? Who can help me with this?,Linking makes transfers easy; confirm the procedure with your bank and watch for small test debits. [Source: IFC],IFC
Banking & Mobile Money,How do I open a bank account?,Visit a bank with ID and required documents like proof of residence.,General
Banking & Mobile Money,How do I open a joint account?,Both account holders usually provide ID and sign the account opening forms; rules vary by bank. [Source: Bank guidance],General
Banking & Mobile Money,How do I protect my mobile money account?,"Keep your PIN secret, avoid public Wi-Fi, and check messages carefully.",General
Banking & Mobile Money,How do I protect my smartphone for banking apps?,"Use screen locks, keep software updated, and avoid installing apps from unknown sources. [Source: Cybersecurity guidance]",General
Banking & Mobile Money,How secure is mobile money compared to a bank?,Both can be secure if you protect your PIN and phone; banks may offer deposit protection while mobile money is convenient. [Source: Insurance regulator],Insurance regulator
Banking & Mobile Money,How secure is mobile money compared to a bank? How can I do this cheaply?,Both can be secure if you protect your PIN and phone; banks may offer deposit protection while mobile money is convenient. [Source: Insurance regulator],Insurance regulator
Banking & Mobile Money,How secure is mobile money compared to a bank? Is this available in rural areas?,Both can be secure if you protect your PIN and phone; banks may offer deposit protection while mobile money is convenient. [Source: Mobile operator guidance],Mobile operator guidance
Banking & Mobile Money,How secure is mobile money compared to a bank? What should I watch out for?,Both can be secure if you protect your PIN and phone; banks may offer deposit protection while mobile money is convenient. [Source: CGAP],CGAP
Banking & Mobile Money,How secure is mobile money compared to a bank? Who can help me with this?,Both can be secure if you protect your PIN and phone; banks may offer deposit protection while mobile money is convenient. [Source: Bank guidance],Bank guidance
Banking & Mobile Money,What are bank charges?,They are fees banks charge for services like withdrawals or account maintenance.,General
Banking & Mobile Money,What are the fees for withdrawing from agent shops?,Fees vary by provider; ask your agent or check the price list before you withdraw. [Source: GSMA],GSMA
Banking & Mobile Money,What are the fees for withdrawing from agent shops? How can I do this cheaply?,Fees vary by provider; ask your agent or check the price list before you withdraw. [Source: World Bank],World Bank
Banking & Mobile Money,What are the fees for withdrawing from agent shops? Is this available in rural areas?,Fees vary by provider; ask your agent or check the price list before you withdraw. [Source: IFC],IFC
Banking & Mobile Money,What are the fees for withdrawing from agent shops? What should I watch out for?,Fees vary by provider; ask your agent or check the price list before you withdraw. [Source: NGO financial education],NGO financial education
Banking & Mobile Money,What are the fees for withdrawing from agent shops? Who can help me with this?,Fees vary by provider; ask your agent or check the price list before you withdraw. [Source: IFAD],IFAD
Banking & Mobile Money,What documents are needed to open a basic bank account?,Typically an ID and proof of address; smaller accounts may accept simpler documentation. [Source: Insurance regulator],Insurance regulator
Banking & Mobile Money,What documents are needed to open a basic bank account? How can I do this cheaply?,Typically an ID and proof of address; smaller accounts may accept simpler documentation. [Source: Central Bank guidance],Central Bank guidance
Banking & Mobile Money,What documents are needed to open a basic bank account? Is this available in rural areas?,Typically an ID and proof of address; smaller accounts may accept simpler documentation. [Source: SME guides],SME guides
Banking & Mobile Money,What documents are needed to open a basic bank account? What should I watch out for?,Typically an ID and proof of address; smaller accounts may accept simpler documentation. [Source: Insurance regulator],Insurance regulator
Banking & Mobile Money,What documents are needed to open a basic bank account? Who can help me with this?,Typically an ID and proof of address; smaller accounts may accept simpler documentation. [Source: Reserve Bank of Malawi],Reserve Bank of Malawi
Banking & Mobile Money,What happens if I lose my ATM card?,Report to the bank immediately to block it and avoid fraud.,General
Banking & Mobile Money,What is KYC in banking?,It means 'Know Your Customer' rules that require ID for account opening.,General
Banking & Mobile Money,What is a bank account?,"It is a safe place to keep money, offered by banks.",General
Banking & Mobile Money,What is a cooperative bank?,It is a bank owned by its members who also use its services.,General
Banking & Mobile Money,What is a savings account?,It is a bank account designed to keep money and earn interest.,General
Banking & Mobile Money,What is a standing order?,It is an instruction to your bank to make regular payments automatically.,General
Banking & Mobile Money,What is a transaction limit?,Providers set daily or monthly caps on transfers to protect customers and manage risk. [Source: Operator/Bank policies],General
Banking & Mobile Money,What is account dormancy?,An account becomes dormant after long inactivity; banks may freeze transactions until you reactivate it. [Source: Bank rules],General
Banking & Mobile Money,What is agency banking?,It allows banks to use shops or agents to provide basic banking services.,General
Banking & Mobile Money,What is an ATM card?,It is a card used to withdraw money from cash machines or pay electronically.,General
Banking & Mobile Money,What is an overdraft?,"It is when the bank allows you to spend more than you have, with interest charges.",General
Banking & Mobile Money,What is cashback?,Cashback is a reward where a percentage of your spending is returned to your account. [Source: Bank/program guides],General
Banking & Mobile Money,What is e-banking?,It is banking done electronically through computers or mobile phones.,General
Banking & Mobile Money,What is financial inclusion?,It means having access to useful financial services like savings and loans.,General
Banking & Mobile Money,What is float in mobile money?,Float is the balance providers keep to ensure cash-out and liquidity for transactions. [Source: Mobile money operator],General
Banking & Mobile Money,What is interest on savings?,It is the extra money the bank pays you for keeping money with them.,General
Banking & Mobile Money,What is interoperability in mobile money?,Interoperability lets users send money between different providers or banks easily. [Source: Central Bank/GSMA],General
Banking & Mobile Money,What is mobile banking?,"It is using your phone to check balance, transfer money, or pay bills via a bank app.",General
Banking & Mobile Money,What is mobile money?,"It is a service that allows sending, receiving, and storing money using a phone.",General
Banking & Mobile Money,What is two-step verification for mobile money?,It requires a PIN plus another step like OTP or biometrics to confirm transactions. [Source: GSMA/Operators],General
Banking & Mobile Money,What should I do if I forget my PIN?,Visit your bank or mobile provider to reset it safely.,General
Banking & Mobile Money,Why are PINs important in mobile money?,A PIN protects your account from unauthorized access.,General
Banking & Mobile Money,Why are mobile wallets popular?,"They are convenient, quick, and do not require visiting a bank.",General
Banking & Mobile Money,Why should I keep receipts of transactions?,They are proof in case of disputes or errors.,General
Banking & Mobile Money,Why should I not share my ATM PIN?,Sharing PINs allows others to access your money without permission.,General
Banking & Mobile Money,Why use a bank instead of cash at home?,Banks keep money safe and may pay interest.,General
Budgeting & Saving,How can I start a household budget?,"Make a simple list of income and expenses, set priorities, and save a small fixed amount every time you receive money. [Source: Insurance regulator ]",Insurance regulator
Budgeting & Saving,How can I start a household budget? How can I do this cheaply?,"Make a simple list of income and expenses, set priorities, and save a small fixed amount every time you receive money. [Source: GSMA ]",GSMA
Budgeting & Saving,How can I start a household budget? Is this available in rural areas?,"Make a simple list of income and expenses, set priorities, and save a small fixed amount every time you receive money. [Source: Insurance regulator ]",Insurance regulator
Budgeting & Saving,How can I start a household budget? What should I watch out for?,"Make a simple list of income and expenses, set priorities, and save a small fixed amount every time you receive money. [Source: Mobile operator guidance ]",Mobile operator guidance
Budgeting & Saving,How can I start a household budget? Who can help me with this?,"Make a simple list of income and expenses, set priorities, and save a small fixed amount every time you receive money. [Source: Mobile operator guidance ]",Mobile operator guidance
Budgeting & Saving,How can I start saving with a low income?,"Start small, even with a few coins daily, and build the habit.",General
Budgeting & Saving,How can families budget together?,They should discuss income and agree on priorities openly.,General
Budgeting & Saving,How do I prioritize my expenses when income is low?,"Cover essentials first (food, housing), then set aside for emergencies before wants. [Source: IMF ]",IMF
Budgeting & Saving,How do I prioritize my expenses when income is low? How can I do this cheaply?,"Cover essentials first (food, housing), then set aside for emergencies before wants. [Source: IFAD ]",IFAD
Budgeting & Saving,How do I prioritize my expenses when income is low? Is this available in rural areas?,"Cover essentials first (food, housing), then set aside for emergencies before wants. [Source: FAO ]",FAO
Budgeting & Saving,How do I prioritize my expenses when income is low? What should I watch out for?,"Cover essentials first (food, housing), then set aside for emergencies before wants. [Source: NGO financial education ]",NGO financial education
Budgeting & Saving,How do I prioritize my expenses when income is low? Who can help me with this?,"Cover essentials first (food, housing), then set aside for emergencies before wants. [Source: Mobile operator guidance ]",Mobile operator guidance
Budgeting & Saving,How do I track small daily expenses effectively?,Write down daily spending or use a simple app to see where money goes and cut avoidable costs. [Source: Reserve Bank of Malawi ],Reserve Bank of Malawi
Budgeting & Saving,How do I track small daily expenses effectively? How can I do this cheaply?,Write down daily spending or use a simple app to see where money goes and cut avoidable costs. [Source: NGO financial education ],NGO financial education
Budgeting & Saving,How do I track small daily expenses effectively? Is this available in rural areas?,Write down daily spending or use a simple app to see where money goes and cut avoidable costs. [Source: Insurance regulator ],Insurance regulator
Budgeting & Saving,How do I track small daily expenses effectively? What should I watch out for?,Write down daily spending or use a simple app to see where money goes and cut avoidable costs. [Source: Insurance regulator ],Insurance regulator
Budgeting & Saving,How do I track small daily expenses effectively? Who can help me with this?,Write down daily spending or use a simple app to see where money goes and cut avoidable costs. [Source: IFC ],IFC
Budgeting & Saving,How do savings help in farming?,"They provide money for seeds, tools, and fertilizer at the right time.",General
Budgeting & Saving,How much should I keep in an emergency fund?,Aim for 3–6 months of essential expenses.,General
Budgeting & Saving,How often should I review my budget?,Review it at least once a month to check if you are on track.,General
Budgeting & Saving,Is it better to save at home or in a bank?,"A bank is safer and may pay you interest, unlike saving at home.",General
Budgeting & Saving,What are affordable saving habits for families?,"Start small, set clear goals, and keep savings separate to avoid spending them by mistake. [Source: NGO financial education ]",NGO financial education
Budgeting & Saving,What are affordable saving habits for families? How can I do this cheaply?,"Start small, set clear goals, and keep savings separate to avoid spending them by mistake. [Source: Central Bank guidance ]",Central Bank guidance
Budgeting & Saving,What are affordable saving habits for families? Is this available in rural areas?,"Start small, set clear goals, and keep savings separate to avoid spending them by mistake. [Source: GSMA ]",GSMA
Budgeting & Saving,What are affordable saving habits for families? What should I watch out for?,"Start small, set clear goals, and keep savings separate to avoid spending them by mistake. [Source: GSMA ]",GSMA
Budgeting & Saving,What are affordable saving habits for families? Who can help me with this?,"Start small, set clear goals, and keep savings separate to avoid spending them by mistake. [Source: IFAD ]",IFAD
Budgeting & Saving,What are sinking funds?,They are small savings set aside regularly for planned expenses like school fees.,General
Budgeting & Saving,What are the risks of saving at home?,"The money can be stolen, lost, or spent too easily.",General
Budgeting & Saving,What is a budget deficit?,It is when your expenses are higher than your income.,General
Budgeting & Saving,What is a budget surplus?,It is when your income is more than your expenses.,General
Budgeting & Saving,What is a budget?,A budget is a plan that shows how you will spend and save your money.,General
Budgeting & Saving,What is a savings group?,A group where members pool money together and lend to each other.,General
Budgeting & Saving,What is an emergency fund?,It is money saved for unexpected expenses like illness or job loss.,General
Budgeting & Saving,What is compound interest?,It is interest earned on both your original savings and the interest already added.,General
Budgeting & Saving,What is delayed gratification?,It means resisting small wants today to reach bigger goals later.,General
Budgeting & Saving,What is the 50/30/20 rule?,"It suggests using 50% of income for needs, 30% for wants, and 20% for savings.",General
Budgeting & Saving,What is the best way to save for school fees?,Set up a sinking fund: save a little each week so fees are available when due. [Source: Mobile operator guidance ],Mobile operator guidance
Budgeting & Saving,What is the best way to save for school fees? How can I do this cheaply?,Set up a sinking fund: save a little each week so fees are available when due. [Source: Mobile operator guidance ],Mobile operator guidance
Budgeting & Saving,What is the best way to save for school fees? Is this available in rural areas?,Set up a sinking fund: save a little each week so fees are available when due. [Source: Mobile operator guidance ],Mobile operator guidance
Budgeting & Saving,What is the best way to save for school fees? What should I watch out for?,Set up a sinking fund: save a little each week so fees are available when due. [Source: IFAD ],IFAD
Budgeting & Saving,What is the best way to save for school fees? Who can help me with this?,Set up a sinking fund: save a little each week so fees are available when due. [Source: IMF ],IMF
Budgeting & Saving,What is the difference between needs and wants?,Needs are essentials like food and rent. Wants are extras like entertainment.,General
Budgeting & Saving,What is zero-based budgeting?,It means planning every kwacha of income so none is left unaccounted for.,General
Budgeting & Saving,What tools can help in budgeting?,"You can use notebooks, mobile apps, or simple spreadsheets.",General
Budgeting & Saving,Why automate savings?,Automatic transfers make saving easier and more consistent.,General
Budgeting & Saving,Why is budgeting important?,"It helps you control spending, avoid debt, and save for future needs.",General
Budgeting & Saving,Why is it good to set savings goals?,Goals give you motivation and direction for your money.,General
Budgeting & Saving,Why is starting early important for savings?,"The earlier you start, the more your money grows over time.",General
Budgeting & Saving,Why keep track of expenses?,Tracking expenses helps you know where your money goes.,General
Budgeting & Saving,Why should I save before spending?,Saving first ensures you keep money aside before it disappears on spending.,General
Consumer Protection & Fraud Awareness,How can I recognize a scam SMS?,"Be cautious of messages offering prizes, urgent requests, or asking for PINs.",General
Consumer Protection & Fraud Awareness,How do I escalate a dispute with a bank?,"Ask for clear terms, keep proof of transactions, and use official channels for services. [Source: Consumer Protection Authority]",Consumer Protection Authority
Consumer Protection & Fraud Awareness,How do I escalate a dispute with a bank? How can I do this cheaply?,"Ask for clear terms, keep proof of transactions, and use official channels for services. [Source: NGO financial education]",NGO financial education
Consumer Protection & Fraud Awareness,How do I escalate a dispute with a bank? Is this available in rural areas?,"Ask for clear terms, keep proof of transactions, and use official channels for services. [Source: FAO]",FAO
Consumer Protection & Fraud Awareness,How do I escalate a dispute with a bank? What should I watch out for?,"Ask for clear terms, keep proof of transactions, and use official channels for services. [Source: CGAP]",CGAP
Consumer Protection & Fraud Awareness,How do I escalate a dispute with a bank? Who can help me with this?,"Ask for clear terms, keep proof of transactions, and use official channels for services. [Source: Central Bank guidance]",Central Bank guidance
Consumer Protection & Fraud Awareness,How do I know if an offer is too good to be true?,"If returns are unrealistic or pressure is high, it is likely a scam.",General
Consumer Protection & Fraud Awareness,How do I read a loan contract properly?,"Ask for clear terms, keep proof of transactions, and use official channels for services. [Source: FAO]",FAO
Consumer Protection & Fraud Awareness,How do I read a loan contract properly? How can I do this cheaply?,"Ask for clear terms, keep proof of transactions, and use official channels for services. [Source: Consumer Protection Authority]",Consumer Protection Authority
Consumer Protection & Fraud Awareness,How do I read a loan contract properly? Is this available in rural areas?,"Ask for clear terms, keep proof of transactions, and use official channels for services. [Source: SME guides]",SME guides
Consumer Protection & Fraud Awareness,How do I read a loan contract properly? What should I watch out for?,"Ask for clear terms, keep proof of transactions, and use official channels for services. [Source: IFAD]",IFAD
Consumer Protection & Fraud Awareness,How do I read a loan contract properly? Who can help me with this?,"Ask for clear terms, keep proof of transactions, and use official channels for services. [Source: NGO financial education]",NGO financial education
Consumer Protection & Fraud Awareness,How do I report fraud?,"Contact your bank, mobile provider, or regulator immediately.",General
Consumer Protection & Fraud Awareness,How do regulators help consumers?,"They set rules, monitor providers, and punish unfair practices.",General
Consumer Protection & Fraud Awareness,What are cooling-off periods?,They give you time to cancel a contract without penalty.,General
Consumer Protection & Fraud Awareness,What are hidden charges?,"They are costs not clearly explained, such as processing fees.",General
Consumer Protection & Fraud Awareness,What is a pyramid scheme?,It is a fake investment that pays old members with money from new ones.,General
Consumer Protection & Fraud Awareness,What is consumer protection in finance?,It ensures customers are treated fairly and not exploited by financial providers.,General
Consumer Protection & Fraud Awareness,What is data privacy in finance?,It means keeping your personal and financial information safe.,General
Consumer Protection & Fraud Awareness,What is dispute resolution?,It is a way to solve disagreements between customers and providers.,General
Consumer Protection & Fraud Awareness,What is financial literacy week?,It is an awareness campaign run by regulators and NGOs to educate consumers.,General
Consumer Protection & Fraud Awareness,What is fraud?,Fraud is dishonest activity to steal or misuse money or identity.,General
Consumer Protection & Fraud Awareness,What is identity theft?,It happens when someone uses your personal details to open accounts or borrow money.,General
Consumer Protection & Fraud Awareness,What is loan sharking?,It is when informal lenders charge extremely high interest rates unfairly.,General
Consumer Protection & Fraud Awareness,What is phishing?,It is a scam where fraudsters trick you into giving personal details like PINs.,General
Consumer Protection & Fraud Awareness,What protections exist against hidden loan charges?,"Ask for clear terms, keep proof of transactions, and use official channels for services. [Source: GSMA]",GSMA
Consumer Protection & Fraud Awareness,What protections exist against hidden loan charges? How can I do this cheaply?,"Ask for clear terms, keep proof of transactions, and use official channels for services. [Source: CGAP]",CGAP
Consumer Protection & Fraud Awareness,What protections exist against hidden loan charges? Is this available in rural areas?,"Ask for clear terms, keep proof of transactions, and use official channels for services. [Source: IFAD]",IFAD
Consumer Protection & Fraud Awareness,What protections exist against hidden loan charges? What should I watch out for?,"Ask for clear terms, keep proof of transactions, and use official channels for services. [Source: World Bank]",World Bank
Consumer Protection & Fraud Awareness,What protections exist against hidden loan charges? Who can help me with this?,"Ask for clear terms, keep proof of transactions, and use official channels for services. [Source: World Bank]",World Bank
Consumer Protection & Fraud Awareness,What should I do if I am overcharged?,Report to your bank or consumer protection authority for correction.,General
Consumer Protection & Fraud Awareness,What to do if a service charges me unfair fees?,"Ask for clear terms, keep proof of transactions, and use official channels for services. [Source: GSMA]",GSMA
Consumer Protection & Fraud Awareness,What to do if a service charges me unfair fees? How can I do this cheaply?,"Ask for clear terms, keep proof of transactions, and use official channels for services. [Source: SME guides]",SME guides
Consumer Protection & Fraud Awareness,What to do if a service charges me unfair fees? Is this available in rural areas?,"Ask for clear terms, keep proof of transactions, and use official channels for services. [Source: SME guides]",SME guides
Consumer Protection & Fraud Awareness,What to do if a service charges me unfair fees? What should I watch out for?,"Ask for clear terms, keep proof of transactions, and use official channels for services. [Source: Bank guidance]",Bank guidance
Consumer Protection & Fraud Awareness,What to do if a service charges me unfair fees? Who can help me with this?,"Ask for clear terms, keep proof of transactions, and use official channels for services. [Source: Consumer Protection Authority]",Consumer Protection Authority
Consumer Protection & Fraud Awareness,Who protects consumers in Malawi?,The Reserve Bank of Malawi and consumer associations handle complaints.,General
Consumer Protection & Fraud Awareness,Why avoid giving details on social media?,Fraudsters can use that information to trick you or steal your money.,General
Consumer Protection & Fraud Awareness,Why avoid sharing phones when using mobile money?,Others may access your account or PIN without permission.,General
Consumer Protection & Fraud Awareness,Why check your bank statements?,"To spot errors, wrong charges, or fraudulent activities.",General
Consumer Protection & Fraud Awareness,Why is financial literacy linked to protection?,"The more you know, the less likely you are to be cheated.",General
Consumer Protection & Fraud Awareness,Why keep SMS alerts active?,They help you track transactions instantly and detect fraud.,General
Consumer Protection & Fraud Awareness,Why read loan terms before signing?,"To understand interest rates, fees, and penalties so you avoid surprises.",General
Consumer Protection & Fraud Awareness,Why should I not share OTPs?,One-Time Passwords are secret codes; sharing them lets thieves steal your money.,General
Consumer Protection & Fraud Awareness,Why should contracts be in plain language?,So consumers understand their rights and duties clearly.,General
Credit & Loans,Can I prepay a loan?,"Many loans allow prepayment, but check for prepayment fees before paying early. [Source: Consumer Protection Authority]",General
Credit & Loans,How can I avoid falling into a debt trap?,"Borrow only what you can repay, read terms, and avoid lenders with unrealistic promises. [Source: Central Bank guidance]",Central Bank guidance
Credit & Loans,How can I avoid falling into a debt trap? How can I do this cheaply?,"Borrow only what you can repay, read terms, and avoid lenders with unrealistic promises. [Source: Reserve Bank of Malawi]",Reserve Bank of Malawi
Credit & Loans,How can I avoid falling into a debt trap? Is this available in rural areas?,"Borrow only what you can repay, read terms, and avoid lenders with unrealistic promises. [Source: GSMA]",GSMA
Credit & Loans,How can I avoid falling into a debt trap? What should I watch out for?,"Borrow only what you can repay, read terms, and avoid lenders with unrealistic promises. [Source: GSMA]",GSMA
Credit & Loans,How can I avoid falling into a debt trap? Who can help me with this?,"Borrow only what you can repay, read terms, and avoid lenders with unrealistic promises. [Source: FAO]",FAO
Credit & Loans,How can I improve my chances of getting a loan?,"Keep good records, show steady income, build savings, and avoid too much existing debt. [Source: World Bank]",General
Credit & Loans,How do interest rates affect my monthly payment?,Higher interest increases monthly payments; choose the lowest total cost (compare APR). [Source: FAO],FAO
Credit & Loans,How do interest rates affect my monthly payment? How can I do this cheaply?,Higher interest increases monthly payments; choose the lowest total cost (compare APR). [Source: FAO],FAO
Credit & Loans,How do interest rates affect my monthly payment? Is this available in rural areas?,Higher interest increases monthly payments; choose the lowest total cost (compare APR). [Source: SME guides],SME guides
Credit & Loans,How do interest rates affect my monthly payment? What should I watch out for?,Higher interest increases monthly payments; choose the lowest total cost (compare APR). [Source: FAO],FAO
Credit & Loans,How do interest rates affect my monthly payment? Who can help me with this?,Higher interest increases monthly payments; choose the lowest total cost (compare APR). [Source: CGAP],CGAP
Credit & Loans,How do late payment fees work?,Late fees are charged when payments are missed; they increase your total cost and harm credit history. [Source: Consumer protection guidance],General
Credit & Loans,How do loan repayment schedules work?,Repayment schedules show amounts and dates to repay principal and interest over time. [Source: CGAP],General
Credit & Loans,What does default mean?,Default happens when a borrower fails to make the agreed loan payments. [Source: World Bank],General
Credit & Loans,What is APR?,APR (Annual Percentage Rate) includes the interest rate plus fees to show the true yearly cost of a loan. [Source: Consumer Protection Authority],General
Credit & Loans,What is a guarantor?,A guarantor promises to repay the loan if the borrower cannot; choose someone who understands the risks. [Source: CGAP],General
Credit & Loans,What is a loan moratorium?,"A moratorium temporarily suspends loan repayments, often during crises; interest may still accrue. [Source: Central Bank guidance]",General
Credit & Loans,What is a microfinance institution (MFI)?,An MFI provides small loans and financial services to underserved people. [Source: CGAP],General
Credit & Loans,What is a microloan?,"A microloan is a small loan, often for entrepreneurs or small businesses, usually with short terms. [Source: Grameen/IFC]",General
Credit & Loans,What is an interest rate?,"An interest rate is the cost of borrowing money, shown as a percentage of the loan each year. [Source: IMF]",General
Credit & Loans,What is collateral?,Collateral is something you pledge to a lender to secure a loan; the lender may sell it if you do not repay. [Source: World Bank],General
Credit & Loans,What is credit counseling?,Credit counseling helps you manage debt and plan repayments with trained advisors. [Source: NGO/Consumer services],General
Credit & Loans,What is group lending?,Group lending allows members to borrow as a group and share responsibility for repayment. [Source: Microfinance literature],General
Credit & Loans,What is loan restructuring?,Restructuring changes loan terms like tenure or payments to help borrowers repay. [Source: Bank/Regulator],General
Credit & Loans,What is loan tenure?,Loan tenure is the length of time you have to repay a loan. [Source: Bank guidance],General
Credit & Loans,What is responsible borrowing?,"Borrow only what you can repay, read terms, and avoid lenders with unrealistic promises. [Source: Reserve Bank of Malawi]",Reserve Bank of Malawi
Credit & Loans,What is responsible borrowing? How can I do this cheaply?,"Borrow only what you can repay, read terms, and avoid lenders with unrealistic promises. [Source: IFC]",IFC
Credit & Loans,What is responsible borrowing? Is this available in rural areas?,"Borrow only what you can repay, read terms, and avoid lenders with unrealistic promises. [Source: Mobile operator guidance]",Mobile operator guidance
Credit & Loans,What is responsible borrowing? What should I watch out for?,"Borrow only what you can repay, read terms, and avoid lenders with unrealistic promises. [Source: IMF]",IMF
Credit & Loans,What is responsible borrowing? Who can help me with this?,"Borrow only what you can repay, read terms, and avoid lenders with unrealistic promises. [Source: Consumer Protection Authority]",Consumer Protection Authority
Credit & Loans,What is secured credit?,"Secured credit is backed by collateral, often giving lower interest rates. [Source: World Bank]",General
Credit & Loans,What is the difference between secured and unsecured loans?,Secured loans need collateral and often have lower rates; unsecured loans do not require collateral but cost more. [Source: Bank guidance],Bank guidance
Credit & Loans,What is the difference between secured and unsecured loans? How can I do this cheaply?,Secured loans need collateral and often have lower rates; unsecured loans do not require collateral but cost more. [Source: Bank guidance],Bank guidance
Credit & Loans,What is the difference between secured and unsecured loans? Is this available in rural areas?,Secured loans need collateral and often have lower rates; unsecured loans do not require collateral but cost more. [Source: CGAP],CGAP
Credit & Loans,What is the difference between secured and unsecured loans? What should I watch out for?,Secured loans need collateral and often have lower rates; unsecured loans do not require collateral but cost more. [Source: Bank guidance],Bank guidance
Credit & Loans,What is the difference between secured and unsecured loans? Who can help me with this?,Secured loans need collateral and often have lower rates; unsecured loans do not require collateral but cost more. [Source: IMF],IMF
Credit & Loans,What is unsecured credit?,Unsecured credit is a loan with no collateral and usually higher interest rates. [Source: IMF],General
Credit & Loans,What should I know about microcredit for small businesses?,Microcredit can help small businesses but check fees and repayment terms carefully. [Source: CGAP],CGAP
Credit & Loans,What should I know about microcredit for small businesses? How can I do this cheaply?,Microcredit can help small businesses but check fees and repayment terms carefully. [Source: IMF],IMF
Credit & Loans,What should I know about microcredit for small businesses? Is this available in rural areas?,Microcredit can help small businesses but check fees and repayment terms carefully. [Source: Reserve Bank of Malawi],Reserve Bank of Malawi
Credit & Loans,What should I know about microcredit for small businesses? What should I watch out for?,Microcredit can help small businesses but check fees and repayment terms carefully. [Source: World Bank],World Bank
Credit & Loans,What should I know about microcredit for small businesses? Who can help me with this?,Microcredit can help small businesses but check fees and repayment terms carefully. [Source: NGO financial education],NGO financial education
Credit & Loans,When should I avoid borrowing?,Avoid borrowing for everyday expenses if you cannot repay; use loans for investments or urgent needs you can cover. [Source: Financial education NGOs],General
Credit & Loans,Why compare loan offers?,Comparing offers helps you find the lowest cost and best terms for your situation. [Source: Consumer Protection Authority],General
Digital Financial Literacy,How can I create a strong password for my accounts?,"Use long, unique passwords and a simple way to store them (like a password manager) if possible. [Source: Mobile operator guidance]",Mobile operator guidance
Digital Financial Literacy,How can I create a strong password for my accounts? How can I do this cheaply?,"Use long, unique passwords and a simple way to store them (like a password manager) if possible. [Source: IFAD]",IFAD
Digital Financial Literacy,How can I create a strong password for my accounts? Is this available in rural areas?,"Use long, unique passwords and a simple way to store them (like a password manager) if possible. [Source: FAO]",FAO
Digital Financial Literacy,How can I create a strong password for my accounts? What should I watch out for?,"Use long, unique passwords and a simple way to store them (like a password manager) if possible. [Source: IMF]",IMF
Digital Financial Literacy,How can I create a strong password for my accounts? Who can help me with this?,"Use long, unique passwords and a simple way to store them (like a password manager) if possible. [Source: Insurance regulator]",Insurance regulator
Digital Financial Literacy,How do I check if a financial app is safe?,Download only from official stores and read reviews.,General
Digital Financial Literacy,How do I learn digital finance skills?,"Attend workshops, use official guides, and practice safely with small amounts.",General
Digital Financial Literacy,How do I report mobile money fraud?,Call your provider’s helpline or visit their office immediately.,General
Digital Financial Literacy,How safe is using public Wi-Fi for banking?,Avoid sensitive transactions on public Wi-Fi; use mobile data or a VPN and update apps regularly. [Source: Consumer Protection Authority],Consumer Protection Authority
Digital Financial Literacy,How safe is using public Wi-Fi for banking? How can I do this cheaply?,Avoid sensitive transactions on public Wi-Fi; use mobile data or a VPN and update apps regularly. [Source: Insurance regulator],Insurance regulator
Digital Financial Literacy,How safe is using public Wi-Fi for banking? Is this available in rural areas?,Avoid sensitive transactions on public Wi-Fi; use mobile data or a VPN and update apps regularly. [Source: Insurance regulator],Insurance regulator
Digital Financial Literacy,How safe is using public Wi-Fi for banking? What should I watch out for?,Avoid sensitive transactions on public Wi-Fi; use mobile data or a VPN and update apps regularly. [Source: GSMA],GSMA
Digital Financial Literacy,How safe is using public Wi-Fi for banking? Who can help me with this?,Avoid sensitive transactions on public Wi-Fi; use mobile data or a VPN and update apps regularly. [Source: SME guides],SME guides
Digital Financial Literacy,What are digital footprints?,"They are records of your online activities, including transactions.",General
Digital Financial Literacy,What is SIM swap fraud and how to avoid it?,Contact your operator to add extra checks for changes and never share OTPs or PINs. [Source: Central Bank guidance],Central Bank guidance
Digital Financial Literacy,What is SIM swap fraud and how to avoid it? How can I do this cheaply?,Contact your operator to add extra checks for changes and never share OTPs or PINs. [Source: IFAD],IFAD
Digital Financial Literacy,What is SIM swap fraud and how to avoid it? Is this available in rural areas?,Contact your operator to add extra checks for changes and never share OTPs or PINs. [Source: SME guides],SME guides
Digital Financial Literacy,What is SIM swap fraud and how to avoid it? What should I watch out for?,Contact your operator to add extra checks for changes and never share OTPs or PINs. [Source: Central Bank guidance],Central Bank guidance
Digital Financial Literacy,What is SIM swap fraud and how to avoid it? Who can help me with this?,Contact your operator to add extra checks for changes and never share OTPs or PINs. [Source: IMF],IMF
Digital Financial Literacy,What is SIM swap fraud?,It is when fraudsters transfer your number to another SIM to steal money.,General
Digital Financial Literacy,What is a USSD code?,It is a short code you dial on your phone to use mobile money without internet.,General
Digital Financial Literacy,What is a digital wallet?,It is an app or account that stores money electronically for payments.,General
Digital Financial Literacy,What is a strong password?,"It is long, unique, and not easy to guess.",General
Digital Financial Literacy,What is an OTP?,A one-time password is a code sent to confirm your transaction.,General
Digital Financial Literacy,What is biometric authentication?,It uses your fingerprint or face to confirm identity.,General
Digital Financial Literacy,What is digital financial literacy?,It is the ability to use digital tools like mobile apps and USSD safely for money matters.,General
Digital Financial Literacy,What is digital inclusion?,It means everyone has access to affordable internet and digital services.,General
Digital Financial Literacy,What is financial technology (fintech)?,It means using technology to improve financial services like banking and payments.,General
Digital Financial Literacy,What is mobile fraud?,It is theft or scams carried out using mobile phones.,General
Digital Financial Literacy,What is mobile loan fraud?,It is when scammers trick you into giving details to steal mobile loans in your name.,General
Digital Financial Literacy,What is two-factor authentication and why use it?,Two-factor adds an extra layer (code or biometric) making accounts much harder to access by thieves. [Source: GSMA],GSMA
Digital Financial Literacy,What is two-factor authentication and why use it? How can I do this cheaply?,Two-factor adds an extra layer (code or biometric) making accounts much harder to access by thieves. [Source: IFAD],IFAD
Digital Financial Literacy,What is two-factor authentication and why use it? Is this available in rural areas?,Two-factor adds an extra layer (code or biometric) making accounts much harder to access by thieves. [Source: GSMA],GSMA
Digital Financial Literacy,What is two-factor authentication and why use it? What should I watch out for?,Two-factor adds an extra layer (code or biometric) making accounts much harder to access by thieves. [Source: Mobile operator guidance],Mobile operator guidance
Digital Financial Literacy,What is two-factor authentication and why use it? Who can help me with this?,Two-factor adds an extra layer (code or biometric) making accounts much harder to access by thieves. [Source: NGO financial education],NGO financial education
Digital Financial Literacy,What is two-factor authentication?,It adds an extra step like a code sent to your phone for more security.,General
Digital Financial Literacy,When should I update my banking apps?,Updates patch security issues; set apps to update automatically where possible. [Source: Central Bank guidance],Central Bank guidance
Digital Financial Literacy,When should I update my banking apps? How can I do this cheaply?,Updates patch security issues; set apps to update automatically where possible. [Source: Mobile operator guidance],Mobile operator guidance
Digital Financial Literacy,When should I update my banking apps? Is this available in rural areas?,Updates patch security issues; set apps to update automatically where possible. [Source: FAO],FAO
Digital Financial Literacy,When should I update my banking apps? What should I watch out for?,Updates patch security issues; set apps to update automatically where possible. [Source: FAO],FAO
Digital Financial Literacy,When should I update my banking apps? Who can help me with this?,Updates patch security issues; set apps to update automatically where possible. [Source: NGO financial education],NGO financial education
Digital Financial Literacy,Why avoid public Wi-Fi for transactions?,Public Wi-Fi is unsafe and hackers may steal your data.,General
Digital Financial Literacy,Why is cybersecurity important?,It protects your money and personal data from hackers.,General
Digital Financial Literacy,Why is digital literacy important?,It helps you access modern financial services securely and confidently.,General
Digital Financial Literacy,Why keep apps updated?,To enjoy new features and security protections.,General
Digital Financial Literacy,Why log out after transactions?,It prevents others from accessing your account on shared devices.,General
Digital Financial Literacy,Why not click suspicious links?,They may lead to fake sites that steal your information.,General
Digital Financial Literacy,Why read SMS alerts carefully?,They confirm real transactions and help detect fraud quickly.,General
Digital Financial Literacy,Why should I back up my phone?,So you do not lose important financial data if the phone is lost.,General
Digital Financial Literacy,Why update your apps?,Updates fix bugs and improve security.,General
Financial Planning & Retirement,How can I leave a financial legacy?,"Use clear wills, named beneficiaries, and simple instructions so heirs can access assets with minimal delay. [Source: Legal/financial guidance]",General
Financial Planning & Retirement,How can I protect savings from inflation?,"Consider a mix of savings and investments that historically outpace inflation, like certain bonds or diversified assets. [Source: Invest guides]",General
Financial Planning & Retirement,How do I estimate retirement needs?,"Estimate future expenses, consider inflation, and plan for healthcare and emergencies. [Source: Financial planning guides]",General
Financial Planning & Retirement,How much should I aim to save each month for the future?,Aim to save a steady percentage of income; automate savings and review yearly. [Source: Central Bank guidance],Central Bank guidance
Financial Planning & Retirement,How much should I aim to save each month for the future? How can I do this cheaply?,Aim to save a steady percentage of income; automate savings and review yearly. [Source: World Bank],World Bank
Financial Planning & Retirement,How much should I aim to save each month for the future? Is this available in rural areas?,Aim to save a steady percentage of income; automate savings and review yearly. [Source: SME guides],SME guides
Financial Planning & Retirement,How much should I aim to save each month for the future? What should I watch out for?,Aim to save a steady percentage of income; automate savings and review yearly. [Source: IFC],IFC
Financial Planning & Retirement,How much should I aim to save each month for the future? Who can help me with this?,Aim to save a steady percentage of income; automate savings and review yearly. [Source: SME guides],SME guides
Financial Planning & Retirement,What is a pension contribution?,A pension contribution is money you or your employer put into a retirement fund. [Source: Pension regulator],General
Financial Planning & Retirement,What is a simple retirement saving plan for informal workers?,Aim to save a steady percentage of income; automate savings and review yearly. [Source: Insurance regulator],Insurance regulator
Financial Planning & Retirement,What is a simple retirement saving plan for informal workers? How can I do this cheaply?,Aim to save a steady percentage of income; automate savings and review yearly. [Source: Bank guidance],Bank guidance
Financial Planning & Retirement,What is a simple retirement saving plan for informal workers? Is this available in rural areas?,Aim to save a steady percentage of income; automate savings and review yearly. [Source: FAO],FAO
Financial Planning & Retirement,What is a simple retirement saving plan for informal workers? What should I watch out for?,Aim to save a steady percentage of income; automate savings and review yearly. [Source: CGAP],CGAP
Financial Planning & Retirement,What is a simple retirement saving plan for informal workers? Who can help me with this?,Aim to save a steady percentage of income; automate savings and review yearly. [Source: NGO financial education],NGO financial education
Financial Planning & Retirement,What is an emergency budget?,An emergency budget reduces non-essential spending and prioritizes essentials during income shocks. [Source: Financial education NGOs],General
Financial Planning & Retirement,What is estate planning?,Estate planning arranges how to pass your assets to heirs and may include wills and beneficiaries. [Source: Legal aid/Financial planners],General
Financial Planning & Retirement,What is long-term care planning?,Plan for potential future care needs and how to pay for them through savings or insurance. [Source: Health/pension guidance],General
Financial Planning & Retirement,What is retirement planning?,Retirement planning sets aside money and investments to provide income after you stop working. [Source: Pension authorities],General
Financial Planning & Retirement,When should I start saving for retirement?,Start as early as possible so compound returns have more time to grow your savings. [Source: Financial educators],General
Financial Planning & Retirement,Why review financial plans regularly?,"Life changes like jobs, family, or health affect plans; review yearly or after major events. [Source: Financial advisors]",General
Financial Rights & Regulations,Can regulators help recover stolen funds?,"Regulators can investigate and sometimes order providers to compensate customers, but recovery is not guaranteed. [Source: Consumer protection authority]",General
Financial Rights & Regulations,How do I find official guidance on fees and charges?,Check the local regulator or consumer protection authority for official guidance and complaint steps. [Source: CGAP],CGAP
Financial Rights & Regulations,How do I find official guidance on fees and charges? How can I do this cheaply?,Check the local regulator or consumer protection authority for official guidance and complaint steps. [Source: GSMA],GSMA
Financial Rights & Regulations,How do I find official guidance on fees and charges? Is this available in rural areas?,Check the local regulator or consumer protection authority for official guidance and complaint steps. [Source: Insurance regulator],Insurance regulator
Financial Rights & Regulations,How do I find official guidance on fees and charges? What should I watch out for?,Check the local regulator or consumer protection authority for official guidance and complaint steps. [Source: NGO financial education],NGO financial education
Financial Rights & Regulations,How do I find official guidance on fees and charges? Who can help me with this?,Check the local regulator or consumer protection authority for official guidance and complaint steps. [Source: IMF],IMF
Financial Rights & Regulations,How do I make a formal complaint to a bank?,"Use the bank's complaints process, keep copies of correspondence, and escalate to the regulator if unresolved. [Source: Consumer protection authority]",General
Financial Rights & Regulations,What is a consumer protection authority?,An agency that enforces rules to protect customers from unfair financial practices. [Source: Government regulator],General
Financial Rights & Regulations,What is anti-money laundering (AML)?,AML are rules to stop criminals from hiding or using illegal money through financial services. [Source: Financial Action Task Force],General
Financial Rights & Regulations,What is dispute resolution in finance?,"It is a formal process to settle disagreements between customers and providers, sometimes through arbitration or regulators. [Source: Regulator]",General
Financial Rights & Regulations,What is financial inclusion policy?,Policies aim to give more people access to useful and affordable financial services. [Source: World Bank],General
Financial Rights & Regulations,What is financial supervision?,Supervision monitors financial firms to ensure they follow rules and treat customers fairly. [Source: IMF/World Bank],General
Financial Rights & Regulations,What rights do bank customers have?,"Customers have rights to clear information, fair charges, and complaint mechanisms; check your country's consumer protection rules. [Source: Regulator]",General
Financial Rights & Regulations,Who enforces banking rules and customer rights?,Check the local regulator or consumer protection authority for official guidance and complaint steps. [Source: GSMA],GSMA
Financial Rights & Regulations,Who enforces banking rules and customer rights? How can I do this cheaply?,Check the local regulator or consumer protection authority for official guidance and complaint steps. [Source: CGAP],CGAP
Financial Rights & Regulations,Who enforces banking rules and customer rights? Is this available in rural areas?,Check the local regulator or consumer protection authority for official guidance and complaint steps. [Source: SME guides],SME guides
Financial Rights & Regulations,Who enforces banking rules and customer rights? What should I watch out for?,Check the local regulator or consumer protection authority for official guidance and complaint steps. [Source: Bank guidance],Bank guidance
Financial Rights & Regulations,Who enforces banking rules and customer rights? Who can help me with this?,Check the local regulator or consumer protection authority for official guidance and complaint steps. [Source: Bank guidance],Bank guidance
Financial Rights & Regulations,Who regulates mobile money providers?,Regulators or central banks often set rules for mobile money to protect users and financial stability. [Source: Central Bank guidance],General
Financial Rights & Regulations,Why know your contract rights?,Knowing rights helps you spot unfair terms and defend yourself if problems arise. [Source: Consumer protection groups],General
Fraud Prevention & Scams,How can I protect my PIN?,"Memorize your PIN, shield it when typing, and never share it with anyone. [Source: Bank guidance]",General
Fraud Prevention & Scams,How can I recognize a fake loan offer?,"If an offer asks for money up-front or personal codes, it is likely a scam; verify through official channels and do not rush. [Source: NGO financial education]",NGO financial education
Fraud Prevention & Scams,How can I recognize a fake loan offer? How can I do this cheaply?,"If an offer asks for money up-front or personal codes, it is likely a scam; verify through official channels and do not rush. [Source: IFAD]",IFAD
Fraud Prevention & Scams,How can I recognize a fake loan offer? Is this available in rural areas?,"If an offer asks for money up-front or personal codes, it is likely a scam; verify through official channels and do not rush. [Source: Bank guidance]",Bank guidance
Fraud Prevention & Scams,How can I recognize a fake loan offer? What should I watch out for?,"If an offer asks for money up-front or personal codes, it is likely a scam; verify through official channels and do not rush. [Source: Consumer Protection Authority]",Consumer Protection Authority
Fraud Prevention & Scams,How can I recognize a fake loan offer? Who can help me with this?,"If an offer asks for money up-front or personal codes, it is likely a scam; verify through official channels and do not rush. [Source: CGAP]",CGAP
Fraud Prevention & Scams,How can businesses prevent fraud?,"Use checks and balances, reconcile accounts regularly, and train staff to spot suspicious activity. [Source: SME guidance]",General
Fraud Prevention & Scams,How do I protect myself from investment scams?,"If an offer asks for money up-front or personal codes, it is likely a scam; verify through official channels and do not rush. [Source: IFC]",IFC
Fraud Prevention & Scams,How do I protect myself from investment scams? How can I do this cheaply?,"If an offer asks for money up-front or personal codes, it is likely a scam; verify through official channels and do not rush. [Source: Mobile operator guidance]",Mobile operator guidance
Fraud Prevention & Scams,How do I protect myself from investment scams? Is this available in rural areas?,"If an offer asks for money up-front or personal codes, it is likely a scam; verify through official channels and do not rush. [Source: NGO financial education]",NGO financial education
Fraud Prevention & Scams,How do I protect myself from investment scams? What should I watch out for?,"If an offer asks for money up-front or personal codes, it is likely a scam; verify through official channels and do not rush. [Source: Reserve Bank of Malawi]",Reserve Bank of Malawi
Fraud Prevention & Scams,How do I protect myself from investment scams? Who can help me with this?,"If an offer asks for money up-front or personal codes, it is likely a scam; verify through official channels and do not rush. [Source: Insurance regulator]",Insurance regulator
Fraud Prevention & Scams,How do I spot a fake payment request?,"Check if the request matches your recent activity, confirm with the sender through a known channel, and never rush because of pressure. [Source: Bank fraud team]",General
Fraud Prevention & Scams,How do romance scams work?,"Scammers build trust online, then ask for money or gift cards; never send money to someone you haven't met. [Source: Consumer protection]",General
Fraud Prevention & Scams,How do scammers use social media to commit fraud?,"If an offer asks for money up-front or personal codes, it is likely a scam; verify through official channels and do not rush. [Source: Bank guidance]",Bank guidance
Fraud Prevention & Scams,How do scammers use social media to commit fraud? How can I do this cheaply?,"If an offer asks for money up-front or personal codes, it is likely a scam; verify through official channels and do not rush. [Source: SME guides]",SME guides
Fraud Prevention & Scams,How do scammers use social media to commit fraud? Is this available in rural areas?,"If an offer asks for money up-front or personal codes, it is likely a scam; verify through official channels and do not rush. [Source: Reserve Bank of Malawi]",Reserve Bank of Malawi
Fraud Prevention & Scams,How do scammers use social media to commit fraud? What should I watch out for?,"If an offer asks for money up-front or personal codes, it is likely a scam; verify through official channels and do not rush. [Source: Consumer Protection Authority]",Consumer Protection Authority
Fraud Prevention & Scams,How do scammers use social media to commit fraud? Who can help me with this?,"If an offer asks for money up-front or personal codes, it is likely a scam; verify through official channels and do not rush. [Source: Reserve Bank of Malawi]",Reserve Bank of Malawi
Fraud Prevention & Scams,How to report a scam in Malawi?,"Contact your bank, mobile operator, and the Reserve Bank's consumer line; keep evidence like messages and receipts. [Source: Reserve Bank of Malawi]",General
Fraud Prevention & Scams,What are common signs of a phishing website?,"If an offer asks for money up-front or personal codes, it is likely a scam; verify through official channels and do not rush. [Source: World Bank]",World Bank
Fraud Prevention & Scams,What are common signs of a phishing website? How can I do this cheaply?,"If an offer asks for money up-front or personal codes, it is likely a scam; verify through official channels and do not rush. [Source: NGO financial education]",NGO financial education
Fraud Prevention & Scams,What are common signs of a phishing website? Is this available in rural areas?,"If an offer asks for money up-front or personal codes, it is likely a scam; verify through official channels and do not rush. [Source: Bank guidance]",Bank guidance
Fraud Prevention & Scams,What are common signs of a phishing website? What should I watch out for?,"If an offer asks for money up-front or personal codes, it is likely a scam; verify through official channels and do not rush. [Source: IFAD]",IFAD
Fraud Prevention & Scams,What are common signs of a phishing website? Who can help me with this?,"If an offer asks for money up-front or personal codes, it is likely a scam; verify through official channels and do not rush. [Source: GSMA]",GSMA
Fraud Prevention & Scams,What is SIM swap protection?,Ask your provider for extra ID checks and alerts when your SIM is moved to a new card to prevent SIM swap theft. [Source: GSMA/CSP guidance],General
Fraud Prevention & Scams,What is chargeback?,A chargeback is a way to dispute a card payment and request a refund through your bank or card issuer. [Source: Card network guides],General
Fraud Prevention & Scams,What is identity verification?,Verification checks documents or data to confirm someone is who they claim to be before providing services. [Source: KYC guidance],General
Fraud Prevention & Scams,What is investment fraud?,Investment fraud offers fake opportunities with high returns to steal money; always check registration and track record. [Source: Regulator],General
Fraud Prevention & Scams,What is social engineering?,Social engineering uses manipulation to trick people into giving confidential information. [Source: Cybersecurity guides],General
Fraud Prevention & Scams,What is vishing?,Vishing is phone-based phishing where scammers call to trick you into revealing secrets or transferring money. [Source: Cybersecurity guidance],General
Fraud Prevention & Scams,What steps should I take if my mobile money is stolen?,Report to your mobile operator and bank immediately and provide evidence like SMS and transaction IDs. [Source: SME guides],SME guides
Fraud Prevention & Scams,What steps should I take if my mobile money is stolen? How can I do this cheaply?,Report to your mobile operator and bank immediately and provide evidence like SMS and transaction IDs. [Source: Central Bank guidance],Central Bank guidance
Fraud Prevention & Scams,What steps should I take if my mobile money is stolen? Is this available in rural areas?,Report to your mobile operator and bank immediately and provide evidence like SMS and transaction IDs. [Source: SME guides],SME guides
Fraud Prevention & Scams,What steps should I take if my mobile money is stolen? What should I watch out for?,Report to your mobile operator and bank immediately and provide evidence like SMS and transaction IDs. [Source: GSMA],GSMA
Fraud Prevention & Scams,What steps should I take if my mobile money is stolen? Who can help me with this?,Report to your mobile operator and bank immediately and provide evidence like SMS and transaction IDs. [Source: NGO financial education],NGO financial education
Fraud Prevention & Scams,What to do if I receive a suspicious SMS?,Do not reply or follow links; check with the provider using official channels and report the message. [Source: Mobile operator/Regulator],General
Fraud Prevention & Scams,Why keep transaction receipts?,Receipts help prove payments and are useful when disputes or fraud investigations happen. [Source: Bank guidance],General
Fraud Prevention & Scams,Why verify URLs before entering details?,Fake websites can steal logins and payment details; always check the web address and look for secure connections. [Source: Cybersecurity guidance],General
Insurance & Risk,How do I file a claim for crop loss?,Index or group insurance can be affordable for small farmers; check triggers and claim rules. [Source: Reserve Bank of Malawi],Reserve Bank of Malawi
Insurance & Risk,How do I file a claim for crop loss? How can I do this cheaply?,Index or group insurance can be affordable for small farmers; check triggers and claim rules. [Source: IFAD],IFAD
Insurance & Risk,How do I file a claim for crop loss? Is this available in rural areas?,Index or group insurance can be affordable for small farmers; check triggers and claim rules. [Source: FAO],FAO
Insurance & Risk,How do I file a claim for crop loss? What should I watch out for?,Index or group insurance can be affordable for small farmers; check triggers and claim rules. [Source: Consumer Protection Authority],Consumer Protection Authority
Insurance & Risk,How do I file a claim for crop loss? Who can help me with this?,Index or group insurance can be affordable for small farmers; check triggers and claim rules. [Source: IFC],IFC
Insurance & Risk,How does index insurance work?,"Index insurance pays when an index like rainfall or yield falls below a trigger, avoiding individual loss assessment. [Source: IFAD/IFC]",General
Insurance & Risk,What is a claim?,A claim is a request you make to your insurer to pay for a covered loss. [Source: Insurance regulator],General
Insurance & Risk,What is a premium?,"A premium is the amount you pay, often monthly or yearly, for an insurance policy. [Source: Insurer guidance]",General
Insurance & Risk,What is actuarial?,Actuarial work uses data to calculate fair insurance prices and reserves. [Source: Insurance industry],General
Insurance & Risk,What is co-pay in health insurance?,A co-pay is a fixed amount you pay when receiving a medical service. [Source: Health insurer guides],General
Insurance & Risk,What is crop insurance?,Crop insurance helps farmers cover losses from weather or pests for a fee. [Source: Agricultural extension/IFC],General
Insurance & Risk,What is insurance?,Insurance transfers the cost of risk to an insurer in return for regular payments called premiums. [Source: World Bank/IAIS],General
Insurance & Risk,What is life insurance?,Life insurance pays a benefit to your dependents if you die during the policy term. [Source: Insurer guidance],General
Insurance & Risk,What is the difference between life and funeral cover?,Life or funeral cover pays a benefit to named persons; compare premiums and exclusions. [Source: World Bank],World Bank
Insurance & Risk,What is the difference between life and funeral cover? How can I do this cheaply?,Life or funeral cover pays a benefit to named persons; compare premiums and exclusions. [Source: Bank guidance],Bank guidance
Insurance & Risk,What is the difference between life and funeral cover? Is this available in rural areas?,Life or funeral cover pays a benefit to named persons; compare premiums and exclusions. [Source: IFAD],IFAD
Insurance & Risk,What is the difference between life and funeral cover? What should I watch out for?,Life or funeral cover pays a benefit to named persons; compare premiums and exclusions. [Source: IFC],IFC
Insurance & Risk,What is the difference between life and funeral cover? Who can help me with this?,Life or funeral cover pays a benefit to named persons; compare premiums and exclusions. [Source: Consumer Protection Authority],Consumer Protection Authority
Insurance & Risk,What is underwriting?,Underwriting is how insurers assess risk to decide price and coverage. [Source: Insurance industry],General
Insurance & Risk,What kinds of insurance can small farmers get?,Index or group insurance can be affordable for small farmers; check triggers and claim rules. [Source: Insurance regulator],Insurance regulator
Insurance & Risk,What kinds of insurance can small farmers get? How can I do this cheaply?,Index or group insurance can be affordable for small farmers; check triggers and claim rules. [Source: FAO],FAO
Insurance & Risk,What kinds of insurance can small farmers get? Is this available in rural areas?,Index or group insurance can be affordable for small farmers; check triggers and claim rules. [Source: IFC],IFC
Insurance & Risk,What kinds of insurance can small farmers get? What should I watch out for?,Index or group insurance can be affordable for small farmers; check triggers and claim rules. [Source: Central Bank guidance],Central Bank guidance
Insurance & Risk,What kinds of insurance can small farmers get? Who can help me with this?,Index or group insurance can be affordable for small farmers; check triggers and claim rules. [Source: IFAD],IFAD
Insurance & Risk,Why read policy exclusions?,Exclusions list what the insurer will not cover; know them to avoid surprises at claim time. [Source: Insurance regulator],General
Investing basics,How do inflation and interest affect my savings?,Inflation reduces buying power; aim for a mix of instruments that can keep pace with inflation. [Source: IFAD],IFAD
Investing basics,How do inflation and interest affect my savings? How can I do this cheaply?,Inflation reduces buying power; aim for a mix of instruments that can keep pace with inflation. [Source: Reserve Bank of Malawi],Reserve Bank of Malawi
Investing basics,How do inflation and interest affect my savings? Is this available in rural areas?,Inflation reduces buying power; aim for a mix of instruments that can keep pace with inflation. [Source: Reserve Bank of Malawi],Reserve Bank of Malawi
Investing basics,How do inflation and interest affect my savings? What should I watch out for?,Inflation reduces buying power; aim for a mix of instruments that can keep pace with inflation. [Source: Central Bank guidance],Central Bank guidance
Investing basics,How do inflation and interest affect my savings? Who can help me with this?,Inflation reduces buying power; aim for a mix of instruments that can keep pace with inflation. [Source: CGAP],CGAP
Investing basics,How much should beginners invest?,"Start small, learn, and avoid risking money you need for essential expenses. [Source: Financial educators]",General
Investing basics,Is it safe to invest small amounts in a savings group?,"Ask for clear terms, keep proof of transactions, and use official channels for services. [Source: World Bank]",World Bank
Investing basics,Is it safe to invest small amounts in a savings group? How can I do this cheaply?,"Ask for clear terms, keep proof of transactions, and use official channels for services. [Source: IFAD]",IFAD
Investing basics,Is it safe to invest small amounts in a savings group? Is this available in rural areas?,"Ask for clear terms, keep proof of transactions, and use official channels for services. [Source: Reserve Bank of Malawi]",Reserve Bank of Malawi
Investing basics,Is it safe to invest small amounts in a savings group? What should I watch out for?,"Ask for clear terms, keep proof of transactions, and use official channels for services. [Source: IFC]",IFC
Investing basics,Is it safe to invest small amounts in a savings group? Who can help me with this?,"Ask for clear terms, keep proof of transactions, and use official channels for services. [Source: Bank guidance]",Bank guidance
Investing basics,What are investment risks?,"Risks include losing money, inflation reducing value, and poor management of investments. [Source: Investor education]",General
Investing basics,What are low-risk investment options for beginners?,Low-risk options include some government bonds or diversified funds; check access and minimums. [Source: NGO financial education],NGO financial education
Investing basics,What are low-risk investment options for beginners? How can I do this cheaply?,Low-risk options include some government bonds or diversified funds; check access and minimums. [Source: GSMA],GSMA
Investing basics,What are low-risk investment options for beginners? Is this available in rural areas?,Low-risk options include some government bonds or diversified funds; check access and minimums. [Source: NGO financial education],NGO financial education
Investing basics,What are low-risk investment options for beginners? What should I watch out for?,Low-risk options include some government bonds or diversified funds; check access and minimums. [Source: Bank guidance],Bank guidance
Investing basics,What are low-risk investment options for beginners? Who can help me with this?,Low-risk options include some government bonds or diversified funds; check access and minimums. [Source: IMF],IMF
Investing basics,What is a bond?,A bond is a loan you give to a government or company that pays interest over time. [Source: Investing primers],General
Investing basics,What is a mutual fund?,A mutual fund pools many investors' money to buy a diverse portfolio managed by professionals. [Source: Fund managers],General
Investing basics,What is a pension fund?,A pension fund saves and invests money to pay people after retirement. [Source: Pension regulator],General
Investing basics,What is a stock?,A stock represents a share in a company and may pay dividends or change in value. [Source: Investing primers],General
Investing basics,What is compound return?,"Compound return means you earn returns on both your original investment and previous returns, growing wealth faster over time. [Source: Financial literacy guides]",General
Investing basics,What is diversification?,Diversification means spreading money across several investments to reduce risk. [Source: IFC/Investing guides],General
Investing basics,What is liquidity?,Liquidity is how quickly you can turn an investment into cash without large loss of value. [Source: Investing guides],General
Investing basics,Why avoid get-rich-quick schemes?,"If returns sound too high and guaranteed, it is likely a scam; always research carefully. [Source: Consumer protection authority]",General
Small Business & Farming Finance,How can I manage cash flow shortages?,"Negotiate payment terms, reduce non-essential spending, and look for short-term finance like overdrafts. [Source: SME guides]",General
Small Business & Farming Finance,How can I save for seasonal expenses?,Use sinking funds or short-term savings to set money aside for slow seasons and planting. [Source: Agricultural extension],General
Small Business & Farming Finance,How can I start saving for my business?,"Separate business and personal money, set small goals, and keep a simple record of income and expenses. [Source: SME guides]",General
Small Business & Farming Finance,How can cooperatives help farmers access finance?,"Cooperatives pool members to access finance, bulk inputs, and better prices. [Source: Central Bank guidance]",Central Bank guidance
Small Business & Farming Finance,How can cooperatives help farmers access finance? How can I do this cheaply?,"Cooperatives pool members to access finance, bulk inputs, and better prices. [Source: Central Bank guidance]",Central Bank guidance
Small Business & Farming Finance,How can cooperatives help farmers access finance? Is this available in rural areas?,"Cooperatives pool members to access finance, bulk inputs, and better prices. [Source: Mobile operator guidance]",Mobile operator guidance
Small Business & Farming Finance,How can cooperatives help farmers access finance? What should I watch out for?,"Cooperatives pool members to access finance, bulk inputs, and better prices. [Source: IMF]",IMF
Small Business & Farming Finance,How can cooperatives help farmers access finance? Who can help me with this?,"Cooperatives pool members to access finance, bulk inputs, and better prices. [Source: World Bank]",World Bank
Small Business & Farming Finance,How can farmers access credit?,"Farmers may use cooperatives, microfinance, or agri-loans that consider seasonal income. [Source: FAO/IFAD]",General
Small Business & Farming Finance,How do I budget for planting season costs?,"Estimate input costs, set aside a contingency, and save regularly during harvest to cover planting. [Source: CGAP]",CGAP
Small Business & Farming Finance,How do I budget for planting season costs? How can I do this cheaply?,"Estimate input costs, set aside a contingency, and save regularly during harvest to cover planting. [Source: Insurance regulator]",Insurance regulator
Small Business & Farming Finance,How do I budget for planting season costs? Is this available in rural areas?,"Estimate input costs, set aside a contingency, and save regularly during harvest to cover planting. [Source: IFC]",IFC
Small Business & Farming Finance,How do I budget for planting season costs? What should I watch out for?,"Estimate input costs, set aside a contingency, and save regularly during harvest to cover planting. [Source: IFC]",IFC
Small Business & Farming Finance,How do I budget for planting season costs? Who can help me with this?,"Estimate input costs, set aside a contingency, and save regularly during harvest to cover planting. [Source: IFAD]",IFAD
Small Business & Farming Finance,How do I price my product or service?,"Calculate costs, add a fair margin, and check local market prices to set a competitive price. [Source: SME toolkit]",General
Small Business & Farming Finance,How to estimate profit margins for small businesses?,Subtract total costs from sales and divide by sales to get a margin; track regularly to adjust prices. [Source: World Bank],World Bank
Small Business & Farming Finance,How to estimate profit margins for small businesses? How can I do this cheaply?,Subtract total costs from sales and divide by sales to get a margin; track regularly to adjust prices. [Source: Mobile operator guidance],Mobile operator guidance
Small Business & Farming Finance,How to estimate profit margins for small businesses? Is this available in rural areas?,Subtract total costs from sales and divide by sales to get a margin; track regularly to adjust prices. [Source: Bank guidance],Bank guidance
Small Business & Farming Finance,How to estimate profit margins for small businesses? What should I watch out for?,Subtract total costs from sales and divide by sales to get a margin; track regularly to adjust prices. [Source: Consumer Protection Authority],Consumer Protection Authority
Small Business & Farming Finance,How to estimate profit margins for small businesses? Who can help me with this?,Subtract total costs from sales and divide by sales to get a margin; track regularly to adjust prices. [Source: FAO],FAO
Small Business & Farming Finance,What is a business plan?,"A business plan explains what your business will do, how it will make money, and how much it needs to start. [Source: SME guidance]",General
Small Business & Farming Finance,What is cost-benefit analysis?,It compares the expected benefits of a decision to its costs to help choose profitable actions. [Source: Business training],General
Small Business & Farming Finance,What is inventory management?,"Inventory management tracks stock to avoid shortages and waste, improving cash flow. [Source: Business training]",General
Small Business & Farming Finance,What is working capital?,Working capital is the money a business needs to run daily operations like buying stock and paying staff. [Source: SME finance guides],General
Small Business & Farming Finance,What records should small shops keep for a loan?,Keep simple sales and expense records to show cash flow and support loan applications. [Source: IFAD],IFAD
Small Business & Farming Finance,What records should small shops keep for a loan? How can I do this cheaply?,Keep simple sales and expense records to show cash flow and support loan applications. [Source: Mobile operator guidance],Mobile operator guidance
Small Business & Farming Finance,What records should small shops keep for a loan? Is this available in rural areas?,Keep simple sales and expense records to show cash flow and support loan applications. [Source: World Bank],World Bank
Small Business & Farming Finance,What records should small shops keep for a loan? What should I watch out for?,Keep simple sales and expense records to show cash flow and support loan applications. [Source: Mobile operator guidance],Mobile operator guidance
Small Business & Farming Finance,What records should small shops keep for a loan? Who can help me with this?,Keep simple sales and expense records to show cash flow and support loan applications. [Source: CGAP],CGAP
Small Business & Farming Finance,Why keep business records?,"Records help you track profits, pay taxes correctly, and apply for loans. [Source: Tax authority guidance]",General
